title,img,mg
Aaluric 300mg Tablet Allopurinol,https://mcareexports.com/wp-content/uploads/2021/10/Aaluric-300mg-Tablet-300x300.jpg,Strength:  300mg
Abacavir 300mg A-Bec Tablet,https://mcareexports.com/wp-content/uploads/2021/01/a-bec-500x500-1-300x300.jpg,Strength:  300mg
Abacavir 300mg Abamune,https://mcareexports.com/wp-content/uploads/2020/10/abamune-abacavir-300-500x500-1-300x300.jpg,
Abacavir Lamivudine 300mg Albavir,https://mcareexports.com/wp-content/uploads/2020/10/advacan-0-25mg-10t-500x500-1-300x300.jpg,
Abacavir Lamivudine Abalam 600MG,https://mcareexports.com/wp-content/uploads/2020/10/abalam-tablets-500x500-1-300x300.jpg,
Abacavir Sulphate 600mg Tablet Abamune l,https://mcareexports.com/wp-content/uploads/2020/10/abamune-l-tablet-500x500-1-300x300.jpg,
Abciximab 10mg Injection Abcixirel,https://mcareexports.com/wp-content/uploads/2020/10/article-292x300.jpg,
Abiramab 250mg Tablet Abiraterone Acetate,https://mcareexports.com/wp-content/uploads/2021/12/Untitled-design-2021-12-14T144555.959-300x300.png,
Abirasteron 250mg Tablet Abiraterone Acetate,https://mcareexports.com/wp-content/uploads/2021/12/Untitled-design-2021-12-14T145424.843-300x300.png,
Abiraterone 250mg Tablet Probira,https://mcareexports.com/wp-content/uploads/2020/07/Probira-250mg-Tablet-300x300.jpg,
Abiraterone 250mg Tablet Zecyte,https://mcareexports.com/wp-content/uploads/2020/10/zecyte-250-mg-tablets-buy-online-at-latest-price-in-india-500x500-1-300x300.jpeg,
Abiraterone 500mg Abirapro Tablet,https://mcareexports.com/wp-content/uploads/2020/07/Abira-pro-500mg-Tablet-300x300.jpg,
Abiraterone 500mg Abiratas Tablet,https://mcareexports.com/wp-content/uploads/2020/07/Abiratas-500mg-Tablet-300x300.jpg,
Abiraterone 500mg Zecyte Tablet,https://mcareexports.com/wp-content/uploads/2020/07/Zecyte-500mg-Tablet-300x300.jpg,
Abiraterone 250mg Tablet Abatitor,https://mcareexports.com/wp-content/uploads/2020/07/Abatitor-250mg-Tablet-300x300.jpg,
Abiraterone 250mg Tablet Abione,https://mcareexports.com/wp-content/uploads/2020/07/Abione-250mg-Tablet-251x300.jpg,
Abiraterone 250mg Tablet Abiracure,https://mcareexports.com/wp-content/uploads/2020/07/Abiracure-250mg-Tablet.jpg, 
Abiraterone 250mg Tablet Abiratas,https://mcareexports.com/wp-content/uploads/2020/07/Abiratas-250mg-Tablet-300x300.jpg,
Abiraterone 250mg Tablet Abitate U,https://mcareexports.com/wp-content/uploads/2020/07/Abitate-U-250mg-Tablet-300x300.png,Strength:  250mg
Abiraterone 250mg Tablet Alkeprost,https://mcareexports.com/wp-content/uploads/2020/07/Alkeprost-250mg-tablet-300x300.png,Strength:  250mg
Abiraterone 250mg Tablet Arbitus,https://mcareexports.com/wp-content/uploads/2020/07/arbitus-500mg-500x500-250x250-1.jpg,
Abiraterone 250mg Tablet Ariteron,https://mcareexports.com/wp-content/uploads/2020/07/Ariteron-250mg-tablet-300x300.jpg,
Abiraterone 250mg Tablet Samtica,https://mcareexports.com/wp-content/uploads/2020/07/samtica-250mg-tablet-300x300.jpg,
Abiraterone Acetate 250mg Abstet,https://mcareexports.com/wp-content/uploads/2020/10/abstet-250-mg-tablet-500x500-1-300x300.jpg,Strength:  250mg
